{"cameraMode":{"drawMode":0,"name":"Shaded","section":"Shading Mode"},"sceneLighting":false,"audioPlay":false,"sceneViewState":{"showFog":true,"showMaterialUpdate":false,"showSkybox":true,"showFlares":true,"showImageEffects":true,"showParticleSystems":true},"in2DMode":false,"pivot":{"x":-2.1100006103515627,"y":3.7774462699890138,"z":-31.290000915527345},"rotation":{"x":-0.05540570244193077,"y":0.9430882930755615,"z":-0.2027970254421234,"w":-0.2576589286327362},"size":235.18016052246095,"orthographic":false}