{"cameraMode":{"drawMode":0,"name":"Shaded","section":"Shading Mode"},"sceneLighting":false,"audioPlay":false,"sceneViewState":{"showFog":true,"showMaterialUpdate":false,"showSkybox":true,"showFlares":true,"showImageEffects":true,"showParticleSystems":true},"in2DMode":false,"pivot":{"x":0.0,"y":0.4463457763195038,"z":0.11898621916770935},"rotation":{"x":-0.05540570244193077,"y":0.9430882930755615,"z":-0.2027970254421234,"w":-0.2576589286327362},"size":3.586003541946411,"orthographic":false}