{"cameraMode":{"drawMode":0,"name":"Shaded","section":"Shading Mode"},"sceneLighting":false,"audioPlay":false,"sceneViewState":{"showFog":true,"showMaterialUpdate":false,"showSkybox":true,"showFlares":true,"showImageEffects":true,"showParticleSystems":true},"in2DMode":false,"pivot":{"x":0.0,"y":0.45434579253196719,"z":0.11898621916770935},"rotation":{"x":-0.3033735156059265,"y":-0.43705856800079348,"z":0.15944652259349824,"w":-0.8315775394439697},"size":3.586003541946411,"orthographic":false}