{"cameraMode":{"drawMode":0,"name":"Shaded","section":"Shading Mode"},"sceneLighting":false,"audioPlay":false,"sceneViewState":{"showFog":true,"showMaterialUpdate":false,"showSkybox":true,"showFlares":true,"showImageEffects":true,"showParticleSystems":true},"in2DMode":false,"pivot":{"x":0.0,"y":0.32249999046325686,"z":0.11898621916770935},"rotation":{"x":-0.24128073453903199,"y":-0.17442138493061067,"z":0.044131021946668628,"w":-0.953631579875946},"size":3.8771135807037355,"orthographic":false}