{"cameraMode":{"drawMode":0,"name":"Shaded","section":"Shading Mode"},"sceneLighting":false,"audioPlay":false,"sceneViewState":{"showFog":true,"showMaterialUpdate":false,"showSkybox":true,"showFlares":true,"showImageEffects":true,"showParticleSystems":true},"in2DMode":false,"pivot":{"x":0.054539915174245837,"y":-0.0006694644689559937,"z":0.0},"rotation":{"x":0.3312912583351135,"y":0.04611468315124512,"z":-0.016212688758969308,"w":0.9422614574432373},"size":0.7994596362113953,"orthographic":false}