{"cameraMode":{"drawMode":0,"name":"Shaded","section":"Shading Mode"},"sceneLighting":true,"audioPlay":false,"sceneViewState":{"showFog":true,"showMaterialUpdate":false,"showSkybox":true,"showFlares":true,"showImageEffects":true,"showParticleSystems":true},"in2DMode":false,"pivot":{"x":57.60234832763672,"y":57.73900604248047,"z":-57.08653259277344},"rotation":{"x":0.30940258502960207,"y":-0.6461952924728394,"z":0.32345566153526308,"w":0.6181246638298035},"size":42.745025634765628,"orthographic":false}