{"cameraMode":{"drawMode":0,"name":"Shaded","section":"Shading Mode"},"sceneLighting":false,"audioPlay":false,"sceneViewState":{"showFog":true,"showMaterialUpdate":false,"showSkybox":true,"showFlares":true,"showImageEffects":true,"showParticleSystems":true},"in2DMode":false,"pivot":{"x":0.0,"y":0.47999995946884158,"z":0.050000011920928958},"rotation":{"x":-0.17135009169578553,"y":-0.7340042591094971,"z":0.2010176181793213,"w":-0.6256747841835022},"size":3.0374791622161867,"orthographic":false}