{"cameraMode":{"drawMode":0,"name":"Shaded","section":"Shading Mode"},"sceneLighting":false,"audioPlay":false,"sceneViewState":{"showFog":true,"showMaterialUpdate":false,"showSkybox":true,"showFlares":true,"showImageEffects":true,"showParticleSystems":true},"in2DMode":false,"pivot":{"x":1.0124049186706544,"y":-0.4472464919090271,"z":-4.677626609802246},"rotation":{"x":0.005330242682248354,"y":0.9897090792655945,"z":-0.1377720981836319,"w":0.038294609636068347},"size":8.834856986999512,"orthographic":false}