{"cameraMode":{"drawMode":0,"name":"Shaded","section":"Shading Mode"},"sceneLighting":false,"audioPlay":false,"sceneViewState":{"showFog":true,"showMaterialUpdate":false,"showSkybox":true,"showFlares":true,"showImageEffects":true,"showParticleSystems":true},"in2DMode":false,"pivot":{"x":-26.528228759765626,"y":0.10293300449848175,"z":-54.39864730834961},"rotation":{"x":0.1889277696609497,"y":-0.08617139607667923,"z":0.0166447926312685,"w":0.9780612587928772},"size":2.318800926208496,"orthographic":false}