{"cameraMode":{"drawMode":0,"name":"Shaded","section":"Shading Mode"},"sceneLighting":false,"audioPlay":false,"sceneViewState":{"showFog":true,"showMaterialUpdate":false,"showSkybox":true,"showFlares":true,"showImageEffects":true,"showParticleSystems":true},"in2DMode":false,"pivot":{"x":5.8684797286987309,"y":-1.5071334838867188,"z":-2.8154282569885256},"rotation":{"x":-0.0655321404337883,"y":-0.83982253074646,"z":0.10408671945333481,"w":-0.52874356508255},"size":13.793168067932129,"orthographic":false}