{"cameraMode":{"drawMode":0,"name":"Shaded","section":"Shading Mode"},"sceneLighting":true,"audioPlay":false,"sceneViewState":{"showFog":true,"showMaterialUpdate":false,"showSkybox":true,"showFlares":true,"showImageEffects":true,"showParticleSystems":true},"in2DMode":false,"pivot":{"x":-6.603755950927734,"y":46.12194061279297,"z":-1.2477450370788575},"rotation":{"x":-0.10954364389181137,"y":-0.8800217509269714,"z":0.2466925084590912,"w":-0.39077460765838625},"size":7.502905368804932,"orthographic":false}