{"cameraMode":{"drawMode":0,"name":"Shaded","section":"Shading Mode"},"sceneLighting":false,"audioPlay":false,"sceneViewState":{"showFog":true,"showMaterialUpdate":false,"showSkybox":true,"showFlares":true,"showImageEffects":true,"showParticleSystems":true},"in2DMode":false,"pivot":{"x":-30.42249870300293,"y":0.7018866539001465,"z":3.3512496948242189},"rotation":{"x":0.1889277696609497,"y":-0.08617139607667923,"z":0.0166447926312685,"w":0.9780612587928772},"size":9.117594718933106,"orthographic":false}