{"cameraMode":{"drawMode":0,"name":"Shaded","section":"Shading Mode"},"sceneLighting":true,"audioPlay":false,"sceneViewState":{"showFog":true,"showMaterialUpdate":true,"showSkybox":true,"showFlares":true,"showImageEffects":true,"showParticleSystems":true},"in2DMode":false,"pivot":{"x":1.9899427890777588,"y":-74.11929321289063,"z":106.76238250732422},"rotation":{"x":-0.2977939546108246,"y":0.01715242862701416,"z":-0.00534907728433609,"w":-0.9544610977172852},"size":150.50143432617188,"orthographic":false}