{"cameraMode":{"drawMode":0,"name":"Shaded","section":"Shading Mode"},"sceneLighting":true,"audioPlay":false,"sceneViewState":{"showFog":true,"showMaterialUpdate":true,"showSkybox":true,"showFlares":true,"showImageEffects":true,"showParticleSystems":true},"in2DMode":false,"pivot":{"x":6.570119380950928,"y":-7.9082794189453129,"z":-3.5820043087005617},"rotation":{"x":0.03179984539747238,"y":0.9187917709350586,"z":-0.38611531257629397,"w":0.0756673589348793},"size":14.996746063232422,"orthographic":false}