{"cameraMode":{"drawMode":0,"name":"Shaded","section":"Shading Mode"},"sceneLighting":false,"audioPlay":false,"sceneViewState":{"showFog":true,"showMaterialUpdate":true,"showSkybox":true,"showFlares":true,"showImageEffects":true,"showParticleSystems":true},"in2DMode":false,"pivot":{"x":-15.238789558410645,"y":2.522540330886841,"z":-5.361299991607666},"rotation":{"x":0.011831305921077729,"y":0.9506623148918152,"z":-0.03653663396835327,"w":0.30784139037132265},"size":17.61022186279297,"orthographic":false}