{"cameraMode":{"drawMode":0,"name":"Shaded","section":"Shading Mode"},"sceneLighting":false,"audioPlay":false,"sceneViewState":{"showFog":true,"showMaterialUpdate":true,"showSkybox":true,"showFlares":true,"showImageEffects":true,"showParticleSystems":true},"in2DMode":false,"pivot":{"x":-4.870229721069336,"y":0.49493324756622317,"z":-7.134148120880127},"rotation":{"x":-0.12704965472221375,"y":-0.6455701589584351,"z":0.11009903997182846,"w":-0.744966983795166},"size":3.3781678676605226,"orthographic":false}