{"cameraMode":{"drawMode":0,"name":"Shaded","section":"Shading Mode"},"sceneLighting":true,"audioPlay":false,"sceneViewState":{"showFog":true,"showMaterialUpdate":true,"showSkybox":true,"showFlares":true,"showImageEffects":true,"showParticleSystems":true},"in2DMode":false,"pivot":{"x":-3.104074001312256,"y":2.2667396068573,"z":-0.42366424202919009},"rotation":{"x":0.21649183332920075,"y":0.6476597785949707,"z":-0.1995202898979187,"w":0.702751636505127},"size":0.23158442974090577,"orthographic":false}