{"cameraMode":{"drawMode":0,"name":"Shaded","section":"Shading Mode"},"sceneLighting":false,"audioPlay":false,"sceneViewState":{"showFog":true,"showMaterialUpdate":true,"showSkybox":true,"showFlares":true,"showImageEffects":true,"showParticleSystems":true},"in2DMode":false,"pivot":{"x":1.2191951274871827,"y":1.3760530948638917,"z":1.4247033596038819},"rotation":{"x":0.17869670689105988,"y":-0.7946066856384277,"z":0.27914923429489138,"w":0.5086681842803955},"size":0.3637872338294983,"orthographic":false}