{"cameraMode":{"drawMode":0,"name":"Shaded","section":"Shading Mode"},"sceneLighting":false,"audioPlay":false,"sceneViewState":{"showFog":true,"showMaterialUpdate":true,"showSkybox":true,"showFlares":true,"showImageEffects":true,"showParticleSystems":true},"in2DMode":false,"pivot":{"x":-37.01189041137695,"y":-20.776599884033204,"z":14.103216171264649},"rotation":{"x":0.2333383411169052,"y":-0.49423643946647646,"z":0.13966913521289826,"w":0.8256974220275879},"size":50.84571838378906,"orthographic":false}