{"cameraMode":{"drawMode":0,"name":"Shaded","section":"Shading Mode"},"sceneLighting":false,"audioPlay":false,"sceneViewState":{"showFog":true,"showMaterialUpdate":false,"showSkybox":true,"showFlares":true,"showImageEffects":true,"showParticleSystems":true},"in2DMode":false,"pivot":{"x":-18.124008178710939,"y":25.778337478637697,"z":-2.8711869716644289},"rotation":{"x":-0.33163973689079287,"y":-0.5910897850990295,"z":0.29015740752220156,"w":-0.6756009459495544},"size":0.43369507789611819,"orthographic":false}