{"cameraMode":{"drawMode":0,"name":"Shaded","section":"Shading Mode"},"sceneLighting":false,"audioPlay":false,"sceneViewState":{"showFog":true,"showMaterialUpdate":false,"showSkybox":true,"showFlares":true,"showImageEffects":true,"showParticleSystems":true},"in2DMode":false,"pivot":{"x":27.875856399536134,"y":20.611595153808595,"z":9.979604721069336},"rotation":{"x":0.1668359637260437,"y":0.23899579048156739,"z":-0.04172449931502342,"w":0.9556703567504883},"size":16.256790161132814,"orthographic":false}