{"cameraMode":{"drawMode":0,"name":"Shaded","section":"Shading Mode"},"sceneLighting":false,"audioPlay":false,"sceneViewState":{"showFog":true,"showMaterialUpdate":false,"showSkybox":true,"showFlares":true,"showImageEffects":true,"showParticleSystems":true},"in2DMode":false,"pivot":{"x":-15.730888366699219,"y":7.45657205581665,"z":6.700066089630127},"rotation":{"x":-0.11249171197414398,"y":-0.8299022912979126,"z":0.18107330799102784,"w":-0.5155777335166931},"size":5.171360015869141,"orthographic":false}