{"cameraMode":{"drawMode":0,"name":"Shaded","section":"Shading Mode"},"sceneLighting":false,"audioPlay":false,"sceneViewState":{"showFog":true,"showMaterialUpdate":false,"showSkybox":true,"showFlares":true,"showImageEffects":true,"showParticleSystems":true},"in2DMode":false,"pivot":{"x":-2.1100006103515627,"y":3.7774462699890138,"z":-31.290000915527345},"rotation":{"x":-0.16134658455848695,"y":0.8283061981201172,"z":-0.30080050230026247,"w":-0.444291889667511},"size":235.18016052246095,"orthographic":false}