{"cameraMode":{"drawMode":0,"name":"Shaded","section":"Shading Mode"},"sceneLighting":false,"audioPlay":false,"sceneViewState":{"showFog":true,"showMaterialUpdate":false,"showSkybox":true,"showFlares":true,"showImageEffects":true,"showParticleSystems":true},"in2DMode":false,"pivot":{"x":-23.200000762939454,"y":1.2929997444152833,"z":1.100000023841858},"rotation":{"x":0.39571496844291689,"y":0.0010808766819536687,"z":-0.00046677145292051136,"w":0.918372631072998},"size":22.0,"orthographic":false}