{"cameraMode":{"drawMode":0,"name":"Shaded","section":"Shading Mode"},"sceneLighting":false,"audioPlay":false,"sceneViewState":{"showFog":true,"showMaterialUpdate":false,"showSkybox":true,"showFlares":true,"showImageEffects":true,"showParticleSystems":true},"in2DMode":false,"pivot":{"x":-14.830389976501465,"y":12.321715354919434,"z":5.885798454284668},"rotation":{"x":-0.10145676136016846,"y":-0.8271798491477966,"z":0.15849906206130982,"w":-0.5294885635375977},"size":0.27045494318008425,"orthographic":false}