{"cameraMode":{"drawMode":0,"name":"Shaded","section":"Shading Mode"},"sceneLighting":false,"audioPlay":false,"sceneViewState":{"showFog":true,"showMaterialUpdate":false,"showSkybox":true,"showFlares":true,"showImageEffects":true,"showParticleSystems":true},"in2DMode":false,"pivot":{"x":-14.97006607055664,"y":11.896500587463379,"z":6.15681791305542},"rotation":{"x":-0.17641012370586396,"y":-0.7732723951339722,"z":0.2445656955242157,"w":-0.5577785968780518},"size":2.0704548358917238,"orthographic":false}