{"cameraMode":{"drawMode":0,"name":"Shaded","section":"Shading Mode"},"sceneLighting":false,"audioPlay":false,"sceneViewState":{"showFog":true,"showMaterialUpdate":false,"showSkybox":true,"showFlares":true,"showImageEffects":true,"showParticleSystems":true},"in2DMode":false,"pivot":{"x":-14.85114860534668,"y":12.190898895263672,"z":5.98166561126709},"rotation":{"x":-0.1235591322183609,"y":-0.8100010752677918,"z":0.18438288569450379,"w":-0.5428024530410767},"size":2.0704548358917238,"orthographic":false}