{"cameraMode":{"drawMode":0,"name":"Shaded","section":"Shading Mode"},"sceneLighting":false,"audioPlay":false,"sceneViewState":{"showFog":true,"showMaterialUpdate":false,"showSkybox":true,"showFlares":true,"showImageEffects":true,"showParticleSystems":true},"in2DMode":false,"pivot":{"x":0.0,"y":0.47999995946884158,"z":0.050000011920928958},"rotation":{"x":-0.2750335931777954,"y":0.06684492528438568,"z":-0.019172025844454767,"w":-0.9589164853096008},"size":3.0374791622161867,"orthographic":false}