{"cameraMode":{"drawMode":0,"name":"Shaded","section":"Shading Mode"},"sceneLighting":false,"audioPlay":false,"sceneViewState":{"showFog":true,"showMaterialUpdate":false,"showSkybox":true,"showFlares":true,"showImageEffects":true,"showParticleSystems":true},"in2DMode":false,"pivot":{"x":0.9844715595245361,"y":-0.12089347839355469,"z":3.881742477416992},"rotation":{"x":-0.1109919548034668,"y":-0.6473180651664734,"z":0.09605861455202103,"w":-0.7479524612426758},"size":5.171360015869141,"orthographic":false}