{"cameraMode":{"drawMode":0,"name":"Shaded","section":"Shading Mode"},"sceneLighting":false,"audioPlay":false,"sceneViewState":{"showFog":true,"showMaterialUpdate":false,"showSkybox":true,"showFlares":true,"showImageEffects":true,"showParticleSystems":true},"in2DMode":false,"pivot":{"x":4.969631195068359,"y":1.9961509704589844,"z":-3.210376739501953},"rotation":{"x":-0.05276433378458023,"y":0.9225573539733887,"z":-0.357103556394577,"w":-0.13631238043308259},"size":57.15768051147461,"orthographic":false}