{"cameraMode":{"drawMode":0,"name":"Shaded","section":"Shading Mode"},"sceneLighting":false,"audioPlay":false,"sceneViewState":{"showFog":true,"showMaterialUpdate":false,"showSkybox":true,"showFlares":true,"showImageEffects":true,"showParticleSystems":true},"in2DMode":false,"pivot":{"x":34.5911750793457,"y":4.261357307434082,"z":13.480354309082032},"rotation":{"x":0.009051166474819184,"y":0.936393141746521,"z":-0.024219132959842683,"w":0.34999924898147585},"size":22.863069534301759,"orthographic":false}