{"cameraMode":{"drawMode":0,"name":"Shaded","section":"Shading Mode"},"sceneLighting":false,"audioPlay":false,"sceneViewState":{"showFog":true,"showMaterialUpdate":false,"showSkybox":true,"showFlares":true,"showImageEffects":true,"showParticleSystems":true},"in2DMode":false,"pivot":{"x":-14.74336051940918,"y":9.729655265808106,"z":21.05919647216797},"rotation":{"x":-0.16134658455848695,"y":0.8283061981201172,"z":-0.30080050230026247,"w":-0.444291889667511},"size":3.9205071926116945,"orthographic":false}