{"cameraMode":{"drawMode":0,"name":"Shaded","section":"Shading Mode"},"sceneLighting":false,"audioPlay":false,"sceneViewState":{"showFog":true,"showMaterialUpdate":false,"showSkybox":true,"showFlares":true,"showImageEffects":true,"showParticleSystems":true},"in2DMode":false,"pivot":{"x":0.6808679103851318,"y":3.2535150051116945,"z":-5.405508041381836},"rotation":{"x":-0.2446778416633606,"y":0.06856314092874527,"z":-0.01734786666929722,"w":-0.9670217037200928},"size":0.7994596362113953,"orthographic":false}