{"cameraMode":{"drawMode":0,"name":"Shaded","section":"Shading Mode"},"sceneLighting":false,"audioPlay":false,"sceneViewState":{"showFog":true,"showMaterialUpdate":false,"showSkybox":true,"showFlares":true,"showImageEffects":true,"showParticleSystems":true},"in2DMode":false,"pivot":{"x":6.366649150848389,"y":5.878120422363281,"z":17.409076690673829},"rotation":{"x":0.03110559470951557,"y":0.7377950549125671,"z":0.034079357981681827,"w":-0.6734460592269898},"size":2.120511770248413,"orthographic":false}