{"cameraMode":{"drawMode":0,"name":"Shaded","section":"Shading Mode"},"sceneLighting":false,"audioPlay":false,"sceneViewState":{"showFog":true,"showMaterialUpdate":false,"showSkybox":true,"showFlares":true,"showImageEffects":true,"showParticleSystems":true},"in2DMode":false,"pivot":{"x":-4.860008239746094,"y":0.7178078293800354,"z":0.34374845027923586},"rotation":{"x":-0.11775530129671097,"y":-0.8382934927940369,"z":0.20010438561439515,"w":-0.4933112859725952},"size":5.171360015869141,"orthographic":false}