{"cameraMode":{"drawMode":0,"name":"Shaded","section":"Shading Mode"},"sceneLighting":false,"audioPlay":false,"sceneViewState":{"showFog":true,"showMaterialUpdate":false,"showSkybox":true,"showFlares":true,"showImageEffects":true,"showParticleSystems":true},"in2DMode":false,"pivot":{"x":4.567310333251953,"y":7.017719268798828,"z":6.967541694641113},"rotation":{"x":-0.09450593590736389,"y":0.8967940211296082,"z":-0.36428239941596987,"w":-0.23265302181243897},"size":2.1050758361816408,"orthographic":false}