{"cameraMode":{"drawMode":0,"name":"Shaded","section":"Shading Mode"},"sceneLighting":true,"audioPlay":false,"sceneViewState":{"showFog":true,"showMaterialUpdate":false,"showSkybox":true,"showFlares":true,"showImageEffects":true,"showParticleSystems":true},"in2DMode":false,"pivot":{"x":11.227514266967774,"y":10.820155143737793,"z":-10.93759822845459},"rotation":{"x":0.19830858707427979,"y":-0.47916436195373537,"z":0.11210116744041443,"w":0.8476488590240479},"size":9.405617713928223,"orthographic":false}