{"cameraMode":{"drawMode":0,"name":"Shaded","section":"Shading Mode"},"sceneLighting":false,"audioPlay":false,"sceneViewState":{"showFog":true,"showMaterialUpdate":false,"showSkybox":true,"showFlares":true,"showImageEffects":true,"showParticleSystems":true},"in2DMode":false,"pivot":{"x":-17.183698654174806,"y":2.932338237762451,"z":-5.659967422485352},"rotation":{"x":-0.16134658455848695,"y":0.8283061981201172,"z":-0.30080050230026247,"w":-0.444291889667511},"size":8.54265308380127,"orthographic":false}