{"cameraMode":{"drawMode":0,"name":"Shaded","section":"Shading Mode"},"sceneLighting":true,"audioPlay":false,"sceneViewState":{"showFog":true,"showMaterialUpdate":false,"showSkybox":true,"showFlares":true,"showImageEffects":true,"showParticleSystems":true},"in2DMode":false,"pivot":{"x":13.057907104492188,"y":-3.001873731613159,"z":-15.119375228881836},"rotation":{"x":0.08148010820150376,"y":0.8891459107398987,"z":-0.17452050745487214,"w":0.4151182174682617},"size":12.138452529907227,"orthographic":false}